{"generatedAt":1764202551165,"beganAt":1764201601868,"timeTaken":{"boa":127269.12520600001,"jsc":33948.50174600002,"jsc_exp":34933.983162000004,"kiesel":84703.66227,"libjs":57557.607444999994,"nova":58886.852621,"porffor":569892.442473,"qjs":26161.710825000002,"qjs_ng":20553.484567,"sm":142706.528273,"sm_exp":141025.367452,"v8":136948.85028,"v8_exp":143581.947399}}