{"generatedAt":1757718897714,"beganAt":1757718001929,"timeTaken":{"boa":135081.015504,"jsc":32613.841747,"jsc_exp":39643.053506000004,"kiesel":91112.797248,"libjs":58056.85719,"nova":18354.053464,"porffor":588144.0677220001,"qjs":17133.608904999994,"qjs_ng":24180.545028,"sm":137526.049717,"sm_exp":109043.569899,"v8":103325.28457999999,"v8_exp":102080.974574}}