{"generatedAt":1760052564102,"beganAt":1760050801629,"timeTaken":{"boa":228574.24051099998,"jsc":135498.23057499994,"jsc_exp":140333.575067,"kiesel":99316.054553,"libjs":60701.517608,"nova":76097.174587,"porffor":720154.551148,"qjs":91892.78263200002,"qjs_ng":106211.58465100001,"sm":357495.305549,"sm_exp":363420.847662,"v8":635008.840381,"v8_exp":643326.121369}}