{"generatedAt":1760657309122,"beganAt":1760655601745,"timeTaken":{"boa":178055.893546,"jsc":133286.34561099997,"jsc_exp":148128.98351999998,"kiesel":98626.969463,"libjs":59165.19564,"nova":81355.695344,"porffor":664270.838324,"qjs":89720.063692,"qjs_ng":96705.52371500002,"sm":348499.756903,"sm_exp":348868.39132500003,"v8":617208.654877,"v8_exp":547541.4130830001}}