{"generatedAt":1771812865499,"beganAt":1771811958964,"timeTaken":{"boa":70584.24625299999,"jsc":38940.802827999985,"jsc_exp":42523.012032000006,"kiesel":90564.88210300001,"libjs":60023.715001000004,"nova":38994.934973999996,"porffor":585336.189156,"qjs":18743.901943000004,"qjs_ng":20406.411614000004,"sm":108309.702127,"sm_exp":111315.761877,"v8":110780.904515,"v8_exp":118004.16036899999}}