{"generatedAt":1757373368226,"beganAt":1757372401550,"timeTaken":{"boa":183426.405424,"jsc":31189.89540800004,"jsc_exp":72536.759188,"kiesel":93307.569141,"libjs":77850.180935,"porffor":631503.4253540001,"qjs":17860.537181000007,"qjs_ng":30284.354067999993,"sm":137547.31887400002,"sm_exp":119438.20992899999,"v8":106020.347631,"v8_exp":103821.056395}}