{"generatedAt":1764548160361,"beganAt":1764547201988,"timeTaken":{"boa":130562.19643800001,"jsc":33303.20873700001,"jsc_exp":39091.072333,"kiesel":87820.48022700001,"libjs":58470.27945,"nova":55332.731111,"porffor":577215.393843,"qjs":20202.217179999992,"qjs_ng":20081.219352999993,"sm":144849.806264,"sm_exp":140335.537093,"v8":139308.224899,"v8_exp":142140.419448}}