{"generatedAt":1758410095636,"beganAt":1758409201771,"timeTaken":{"boa":131740.850992,"jsc":31112.772303999984,"jsc_exp":41962.682420000005,"kiesel":86107.006755,"libjs":59190.16261199999,"nova":14746.607341,"porffor":577205.0809640001,"qjs":18202.840106000003,"qjs_ng":28028.028501,"sm":139396.86425800002,"sm_exp":112675.036943,"v8":106031.26136599999,"v8_exp":105175.360409}}