{"generatedAt":1759274861323,"beganAt":1759273201789,"timeTaken":{"boa":237082.688607,"jsc":154921.229834,"jsc_exp":155737.173766,"kiesel":99371.258205,"libjs":129858.74575200002,"nova":81164.563512,"porffor":833001.543966,"qjs":102686.16065799998,"qjs_ng":126993.64422799999,"sm":371343.54163500003,"sm_exp":386543.66140599997,"v8":628252.928936,"v8_exp":692154.142986}}