{"generatedAt":1772842965273,"beganAt":1772841601920,"timeTaken":{"boa":67612.735625,"jsc":38421.22434100002,"jsc_exp":42589.18075,"kiesel":161569.22860899998,"libjs":65235.985262999995,"nova":45043.904038,"porffor":1037492.981321,"qjs":20011.594144000002,"qjs_ng":20410.143509,"sm":108563.59932899999,"sm_exp":110665.644662,"v8":110715.96198499999,"v8_exp":120465.55486500001}}