{"generatedAt":1764807362990,"beganAt":1764806401678,"timeTaken":{"boa":132403.675896,"jsc":32345.290515,"jsc_exp":41011.637384999995,"kiesel":88814.381334,"libjs":57245.630062000004,"nova":55839.15522099999,"porffor":574907.103736,"qjs":21357.566869999995,"qjs_ng":24893.815339,"sm":144597.89677,"sm_exp":138783.31089,"v8":135136.121409,"v8_exp":134220.872148}}