{"generatedAt":1778628155354,"beganAt":1778626801461,"timeTaken":{"boa":72131.316728,"jsc":39952.076918000006,"jsc_exp":40895.28975,"libjs":72814.734027,"nova":51355.50808500001,"porffor":1028012.241095,"qjs":17279.11761100001,"qjs_ng":18451.198878999996,"sm":109719.560499,"sm_exp":111786.614284,"v8":110563.806824,"v8_exp":116188.717268}}