{"generatedAt":1774300966075,"beganAt":1774299593060,"timeTaken":{"boa":69900.346633,"jsc":41151.77990000002,"jsc_exp":40594.391362,"kiesel":171950.798891,"libjs":73737.61046699999,"nova":49622.973722,"porffor":1050415.300391,"qjs":18162.064634000002,"qjs_ng":19040.00608,"sm":109844.72513,"sm_exp":111777.768308,"v8":112084.45473299999,"v8_exp":117486.5141}}