{"generatedAt":1769732160929,"beganAt":1769731201174,"timeTaken":{"boa":58238.863975,"jsc":35383.49426800001,"jsc_exp":36435.285358999994,"libjs":51217.54676800001,"nova":32925.36287899999,"porffor":559706.488174,"qjs":17428.042611000004,"qjs_ng":19930.388862999993,"sm":133891.54820400002,"sm_exp":131386.298391,"v8":135647.69470700002,"v8_exp":138003.235988}}