{"generatedAt":1766362568935,"beganAt":1766361601424,"timeTaken":{"boa":132074.98809700002,"jsc":32439.244799999986,"jsc_exp":37583.377842,"kiesel":85622.242313,"libjs":55614.322274000006,"nova":53968.358706,"porffor":574749.507968,"qjs":18734.051391,"qjs_ng":22499.005772000004,"sm":143561.77539,"sm_exp":143003.675793,"v8":141244.770773,"v8_exp":140955.114826}}