{"generatedAt":1757805286560,"beganAt":1757804401390,"timeTaken":{"boa":128952.197875,"jsc":34406.60593999998,"jsc_exp":38582.441761,"kiesel":83013.31917599999,"libjs":58323.52475699999,"nova":14556.677766,"porffor":576895.593442,"qjs":15836.620831,"qjs_ng":25468.64502399999,"sm":138653.031456,"sm_exp":108896.297865,"v8":103623.798423,"v8_exp":102698.511762}}