{"generatedAt":1757300517526,"beganAt":1757299615549,"timeTaken":{"boa":135048.86501799998,"jsc":30863.729745999968,"jsc_exp":38603.687618,"kiesel":94360.89714,"libjs":61477.66777000001,"porffor":575336.613381,"qjs":17395.668437,"qjs_ng":26096.165713000002,"sm":137312.033154,"sm_exp":113054.46181800001,"v8":105207.981892,"v8_exp":116038.850823}}