{"generatedAt":1764029743616,"beganAt":1764028802025,"timeTaken":{"boa":124939.74794500001,"jsc":31786.147329,"jsc_exp":38964.657536,"kiesel":87240.257068,"libjs":59187.756725,"nova":63134.427547,"porffor":563668.882415,"qjs":22510.02549900001,"qjs_ng":25909.992,"sm":141113.210281,"sm_exp":134571.484352,"v8":131035.704244,"v8_exp":127104.68014499999}}