{"generatedAt":1760743663902,"beganAt":1760742001834,"timeTaken":{"boa":127753.71531900001,"jsc":146958.955877,"jsc_exp":89486.641281,"kiesel":96315.79467700001,"libjs":59389.468953999996,"nova":79588.695354,"porffor":661208.501897,"qjs":83896.125107,"qjs_ng":92017.275459,"sm":328637.10758099996,"sm_exp":332909.47957699996,"v8":616714.0857480001,"v8_exp":476255.997198}}