{"generatedAt":1763079321648,"beganAt":1763078401981,"timeTaken":{"boa":125160.54717300001,"jsc":34135.07175799995,"jsc_exp":38639.652723,"kiesel":84152.853036,"libjs":59472.10454099999,"nova":59150.725301,"porffor":563472.018197,"qjs":18777.551278999992,"qjs_ng":23931.685147000004,"sm":140546.761371,"sm_exp":127323.58788899999,"v8":124456.44591300002,"v8_exp":120173.399221}}