{"generatedAt":1760484447540,"beganAt":1760482801399,"timeTaken":{"boa":237677.02367,"jsc":152871.037617,"jsc_exp":166073.23748799998,"libjs":138323.242079,"nova":72666.273169,"porffor":828388.382965,"qjs":103556.05180699998,"qjs_ng":124984.381142,"sm":377064.48145,"sm_exp":381088.33643,"v8":627419.650151,"v8_exp":705511.390974}}