{"generatedAt":1761261355337,"beganAt":1761260401327,"timeTaken":{"boa":127043.64034600001,"jsc":36119.21691200003,"jsc_exp":41138.358825999996,"kiesel":103472.31114,"libjs":60905.913069,"nova":81838.24926499999,"porffor":608248.854742,"qjs":18102.456975,"qjs_ng":21567.594483,"sm":138520.875344,"sm_exp":123672.97505,"v8":119726.634196,"v8_exp":119633.98225300001}}