{"generatedAt":1758583012318,"beganAt":1758582001943,"timeTaken":{"boa":114669.69780599998,"jsc":33835.582031000056,"jsc_exp":34740.288625,"libjs":53379.738736,"nova":66848.51471799999,"porffor":572411.283707,"qjs":17108.038996000003,"qjs_ng":18899.339999999997,"sm":135177.49888300002,"sm_exp":116236.50910099999,"v8":106931.24335500001,"v8_exp":105831.97495599999}}