{"generatedAt":1777418892475,"beganAt":1777417202043,"timeTaken":{"boa":89229.37322600001,"jsc":36230.88761800004,"jsc_exp":35128.807404,"kiesel":94586.08533399999,"libjs":72349.179591,"nova":39939.116763,"porffor":1137940.155869,"qjs":18644.968502999996,"qjs_ng":23303.385292,"sm":245509.58101,"sm_exp":153010.656186,"v8":370348.20955,"v8_exp":96303.258303}}