{"generatedAt":1767399359043,"beganAt":1767398401399,"timeTaken":{"boa":131908.941084,"jsc":32476.76558399998,"jsc_exp":36207.736355,"kiesel":85459.782104,"libjs":55316.997394,"nova":35227.078215999994,"porffor":570496.820019,"qjs":18133.783783000006,"qjs_ng":22175.12814100001,"sm":143606.867971,"sm_exp":142520.984797,"v8":141618.771439,"v8_exp":146589.62678}}