{"generatedAt":1755893126179,"beganAt":1755892326716,"timeTaken":{"boa":96038.85060300001,"kiesel":73117.992134,"libjs":48057.026696,"porffor":464863.344362,"qjs":14583.941209999997,"qjs_ng":16341.449655000004,"sm":134243.395813,"sm_exp":120700.780583,"v8":116412.147312,"v8_exp":120563.858098}}