{"generatedAt":1778714555755,"beganAt":1778713201707,"timeTaken":{"boa":71384.045144,"jsc":38919.715907000005,"jsc_exp":42044.63453,"libjs":73571.628273,"nova":52096.671242,"porffor":1030534.233763,"qjs":18991.061189000007,"qjs_ng":18322.957317,"sm":114171.196319,"sm_exp":115337.36376000001,"v8":113946.162808,"v8_exp":118499.043647}}