{"generatedAt":1758150982866,"beganAt":1758150001898,"timeTaken":{"boa":113494.774604,"jsc":34836.91836599994,"jsc_exp":34729.588291,"kiesel":76950.215414,"libjs":51632.663992,"nova":10012.368952999997,"porffor":564289.290562,"qjs":15726.680334999997,"qjs_ng":17857.391168000002,"sm":132643.628288,"sm_exp":115140.480107,"v8":105171.859005,"v8_exp":103616.093679}}