{"generatedAt":1769213763854,"beganAt":1769212801230,"timeTaken":{"boa":66429.253767,"jsc":32876.112268000026,"jsc_exp":38886.603573,"kiesel":83022.876672,"libjs":57100.543105,"nova":39825.016503,"porffor":573273.411067,"qjs":20141.066521,"qjs_ng":21993.926494,"sm":141460.461806,"sm_exp":142147.13904900002,"v8":139434.154778,"v8_exp":148711.968944}}