{"generatedAt":1767312941331,"beganAt":1767312001144,"timeTaken":{"boa":122002.580623,"jsc":32528.98785699997,"jsc_exp":38313.759187,"libjs":55797.63180999999,"nova":47687.343444,"porffor":557291.324604,"qjs":19519.57135,"qjs_ng":21352.532348000008,"sm":143623.161351,"sm_exp":142082.572459,"v8":141504.878104,"v8_exp":139933.281052}}