{"generatedAt":1762561038909,"beganAt":1762560001396,"timeTaken":{"boa":115108.712295,"jsc":33951.229979999945,"jsc_exp":35072.250872000004,"kiesel":75823.066043,"libjs":54410.582308,"nova":54838.109581000004,"porffor":562913.7017559999,"qjs":17455.041460000008,"qjs_ng":20394.97493299999,"sm":136737.06368199998,"sm_exp":136247.534522,"v8":127203.739837,"v8_exp":128543.875168}}