{"generatedAt":1773758545992,"beganAt":1773757177251,"timeTaken":{"boa":69648.773254,"jsc":38982.92133899999,"jsc_exp":42019.200748,"kiesel":175078.740129,"libjs":78181.307596,"nova":50017.377395999996,"porffor":1046738.933565,"qjs":18535.470190000007,"qjs_ng":19398.664596000002,"sm":109693.617223,"sm_exp":110712.334754,"v8":111724.665215,"v8_exp":117076.39325000001}}