{"generatedAt":1764720961772,"beganAt":1764720001524,"timeTaken":{"boa":134730.916965,"jsc":32364.930467,"jsc_exp":39143.187985000004,"kiesel":84159.079971,"libjs":57660.295294999996,"nova":52521.287148,"porffor":575033.905508,"qjs":20155.372627999997,"qjs_ng":22994.855245000006,"sm":144770.357182,"sm_exp":140263.397892,"v8":138045.883185,"v8_exp":138352.17007400002}}