{"generatedAt":1760225287740,"beganAt":1760223601694,"timeTaken":{"boa":243905.627162,"jsc":155385.20749999996,"jsc_exp":169132.75828799998,"kiesel":99278.372533,"libjs":149133.575497,"nova":83315.30343199999,"porffor":860226.740791,"qjs":98769.61086300001,"qjs_ng":126891.036988,"sm":379570.62400199997,"sm_exp":382065.978479,"v8":647453.6515429999,"v8_exp":724613.15746}}