{"generatedAt":1756950529708,"beganAt":1756949631213,"timeTaken":{"boa":121012.318791,"kiesel":85864.069596,"libjs":54088.840279,"porffor":569232.095155,"qjs":17461.506491,"qjs_ng":21273.347542999996,"sm":136335.12131100002,"sm_exp":116742.057622,"v8":106768.16305,"v8_exp":120428.51822999999}}