{"generatedAt":1759793293531,"beganAt":1759791601281,"timeTaken":{"boa":238826.353261,"jsc":159251.683463,"jsc_exp":166010.262095,"kiesel":105895.123042,"libjs":138765.102198,"nova":86498.036407,"porffor":856339.4923619999,"qjs":99078.63592199999,"qjs_ng":131335.96169,"sm":380511.82589599997,"sm_exp":385800.425368,"v8":647235.853967,"v8_exp":714403.123317}}