{"generatedAt":1758091242362,"beganAt":1758090325682,"timeTaken":{"boa":113089.26892799999,"jsc":36925.567469,"jsc_exp":34724.009432,"kiesel":87425.548243,"libjs":53769.762608000005,"nova":22581.166018999997,"porffor":567236.0883859999,"qjs":16206.190182999999,"qjs_ng":19123.217601000004,"sm":131647.080528,"sm_exp":118965.54738799999,"v8":106700.956335,"v8_exp":115414.379912}}