{"generatedAt":1774486549726,"beganAt":1774485184739,"timeTaken":{"boa":68978.061452,"jsc":39442.97878599999,"jsc_exp":42898.938633000005,"kiesel":161823.692643,"nova":49911.588793,"porffor":1040360.1150849999,"qjs":19622.179268999993,"qjs_ng":20502.261697999995,"sm":109329.104484,"sm_exp":111366.134353,"v8":111305.974376,"v8_exp":117175.03149200001}}