{"generatedAt":1758237295457,"beganAt":1758236401660,"timeTaken":{"boa":131747.350418,"jsc":31875.332126999972,"jsc_exp":41508.003166,"kiesel":86685.770141,"libjs":58707.319899999995,"nova":13392.964842000001,"porffor":578251.029245,"qjs":18442.291766000002,"qjs_ng":26602.948987000003,"sm":139229.103541,"sm_exp":113032.41929399999,"v8":107426.282887,"v8_exp":103789.21596100001}}