{"generatedAt":1761174961859,"beganAt":1761174001601,"timeTaken":{"boa":129050.150148,"jsc":37052.081978,"jsc_exp":40931.113198,"kiesel":96970.83128,"libjs":59636.25079300001,"nova":79748.241649,"porffor":601077.336323,"qjs":21869.789580000004,"qjs_ng":24486.37612200001,"sm":137668.461068,"sm_exp":128232.581872,"v8":121088.871516,"v8_exp":124282.71874099999}}