{"generatedAt":1758496576794,"beganAt":1758495601885,"timeTaken":{"boa":114781.726849,"jsc":33967.915354000055,"jsc_exp":34111.828035,"kiesel":77655.772467,"libjs":52918.434967999994,"porffor":596973.6303859999,"qjs":16786.100114,"qjs_ng":18681.271535,"sm":128984.83092200001,"sm_exp":123543.502982,"v8":108305.05772399998,"v8_exp":106598.561925}}