{"generatedAt":1765412163421,"beganAt":1765411202049,"timeTaken":{"boa":131222.02452099998,"jsc":37726.785554,"jsc_exp":34760.981409,"kiesel":88719.984637,"libjs":59956.105668,"nova":57516.31314,"porffor":578258.473254,"qjs":18988.970998999997,"qjs_ng":21281.220481000004,"sm":143983.512964,"sm_exp":146503.779288,"v8":140853.765864,"v8_exp":147876.58713300002}}