{"generatedAt":1764375918549,"beganAt":1764374401780,"timeTaken":{"boa":207421.500803,"jsc":48689.45502200001,"jsc_exp":53171.611924,"kiesel":133745.492867,"libjs":92075.99313300001,"nova":86675.15818700001,"porffor":957844.9274149999,"qjs":37371.333415999994,"qjs_ng":34062.470986,"sm":214359.499367,"sm_exp":188059.829243,"v8":174994.754629,"v8_exp":179282.18588900001}}