{"generatedAt":1761696962417,"beganAt":1761696001341,"timeTaken":{"boa":128297.105455,"jsc":37572.831813999976,"jsc_exp":41418.498573,"kiesel":101556.476468,"libjs":60179.73188200001,"nova":85154.123418,"porffor":607326.208781,"qjs":20077.635613,"qjs_ng":23403.430814,"sm":138143.866302,"sm_exp":126388.68803199999,"v8":121179.425782,"v8_exp":122391.49632}}