{"generatedAt":1769300158140,"beganAt":1769299201926,"timeTaken":{"boa":65303.86705,"jsc":34581.40455600002,"jsc_exp":41321.020531999995,"kiesel":83516.45164300001,"libjs":55338.288677,"nova":41741.167723,"porffor":577987.147947,"qjs":21705.871010999996,"qjs_ng":21984.781548000006,"sm":142065.853194,"sm_exp":142213.877905,"v8":139843.872592,"v8_exp":141170.893273}}