{"generatedAt":1760311692595,"beganAt":1760310002079,"timeTaken":{"boa":242741.538402,"jsc":157873.49671399995,"jsc_exp":168531.752351,"kiesel":99957.01283899999,"libjs":148305.55454399998,"nova":83222.452621,"porffor":854362.29931,"qjs":102706.58258699998,"qjs_ng":128117.353694,"sm":382522.99840399995,"sm_exp":386554.70188,"v8":646217.1792690001,"v8_exp":720298.7134509999}}