{"generatedAt":1764461755559,"beganAt":1764460801684,"timeTaken":{"boa":130880.633622,"jsc":33451.44362600002,"jsc_exp":35350.587671999994,"kiesel":88549.327164,"libjs":57145.84568199999,"nova":56835.174307999994,"porffor":573114.132002,"qjs":18215.548605000004,"qjs_ng":20709.189396,"sm":143972.959802,"sm_exp":140927.657487,"v8":139213.113986,"v8_exp":144183.65994}}