{"generatedAt":1761434157811,"beganAt":1761433201753,"timeTaken":{"boa":130415.77738799999,"jsc":32456.672253999976,"jsc_exp":38496.111052,"kiesel":102159.403495,"libjs":62638.566900000005,"nova":78355.20821699999,"porffor":603780.191627,"qjs":18817.592114,"qjs_ng":23207.168327999992,"sm":138818.629662,"sm_exp":124647.835955,"v8":120888.220239,"v8_exp":120861.20324}}