{"generatedAt":1767053771996,"beganAt":1767052801272,"timeTaken":{"boa":128808.212107,"jsc":33069.30976099998,"jsc_exp":40014.049420999996,"kiesel":87802.579234,"libjs":55553.23429,"nova":57638.55134600001,"porffor":575375.930973,"qjs":19844.574439999997,"qjs_ng":22917.042758000003,"sm":143480.668589,"sm_exp":142263.682305,"v8":148342.193587,"v8_exp":149157.618173}}