{"generatedAt":1763943331024,"beganAt":1763942401507,"timeTaken":{"boa":126009.085497,"jsc":31768.258606999996,"jsc_exp":40875.103234,"kiesel":78672.56283000001,"libjs":59377.64769499999,"nova":60452.215241,"porffor":560363.196951,"qjs":21395.709746000008,"qjs_ng":24902.562532000004,"sm":141779.028551,"sm_exp":129825.932927,"v8":130008.91806200001,"v8_exp":124182.77417}}