{"generatedAt":1766967370500,"beganAt":1766966401922,"timeTaken":{"boa":132744.15130599999,"jsc":32529.86891899997,"jsc_exp":37791.411345,"kiesel":84059.930465,"libjs":55965.204577,"nova":53112.018796000004,"porffor":571793.8614579999,"qjs":18968.91514099999,"qjs_ng":22830.624098,"sm":143893.364617,"sm_exp":143997.469404,"v8":141915.132898,"v8_exp":150247.222446}}