{"generatedAt":1765498585177,"beganAt":1765497601225,"timeTaken":{"boa":118181.550368,"jsc":35127.703624999966,"jsc_exp":34974.898123,"libjs":56025.521299,"nova":52251.615363000004,"porffor":561918.1197250001,"qjs":17845.611951000006,"qjs_ng":21398.886731,"sm":142057.52764,"sm_exp":141999.93567399998,"v8":140771.49193699998,"v8_exp":143555.048556}}