{"generatedAt":1778368946750,"beganAt":1778367601114,"timeTaken":{"boa":71732.968415,"jsc":38747.264165,"jsc_exp":42159.251424,"kiesel":96889.064636,"nova":41987.942972000004,"porffor":1015263.6487690001,"qjs":18413.764043999996,"qjs_ng":19757.453223999997,"sm":112064.186605,"sm_exp":113673.62209,"v8":113386.036607,"v8_exp":123523.010841}}