{"generatedAt":1769127361295,"beganAt":1769126401306,"timeTaken":{"boa":67537.761264,"jsc":32551.472416999983,"jsc_exp":39027.245163,"kiesel":82057.240001,"libjs":57166.67654700001,"nova":41865.856440999996,"porffor":573045.4347880001,"qjs":20049.99822400001,"qjs_ng":21363.318957999996,"sm":142903.323958,"sm_exp":141585.599961,"v8":140364.98882,"v8_exp":147878.327353}}