{"generatedAt":1776459773556,"beganAt":1776458368400,"timeTaken":{"boa":70852.419901,"jsc":38157.651882999984,"jsc_exp":43144.962506,"kiesel":202124.24658399998,"libjs":90264.77167999999,"nova":50017.22912,"porffor":1076821.1120250002,"qjs":18417.222270000006,"qjs_ng":20389.106675999996,"sm":110732.461575,"sm_exp":107664.924402,"v8":120589.169464,"v8_exp":118345.015223}}