{"generatedAt":1759706903434,"beganAt":1759705201624,"timeTaken":{"boa":238719.152445,"jsc":156527.61269000004,"jsc_exp":156742.439347,"kiesel":104764.80455999999,"libjs":164463.995279,"nova":88156.475139,"porffor":855849.309276,"qjs":98658.208626,"qjs_ng":122416.39348,"sm":378657.704179,"sm_exp":387377.087278,"v8":649001.581366,"v8_exp":720791.805813}}