{"generatedAt":1763338526658,"beganAt":1763337601849,"timeTaken":{"boa":125356.293492,"jsc":31634.442391999997,"jsc_exp":39780.256831,"kiesel":85160.114111,"libjs":59214.158843000005,"nova":59537.096213000004,"porffor":558339.785703,"qjs":21525.775706999993,"qjs_ng":24270.52717,"sm":140984.04325299998,"sm_exp":129834.438858,"v8":127704.99013699999,"v8_exp":123790.588908}}