{"generatedAt":1766448967728,"beganAt":1766448001994,"timeTaken":{"boa":128158.66337000001,"jsc":34861.12483799999,"jsc_exp":39888.062208,"kiesel":86929.150825,"libjs":55103.62832,"nova":58963.63327400001,"porffor":580656.556569,"qjs":17555.194703999994,"qjs_ng":21846.912341000003,"sm":143894.84249100002,"sm_exp":143228.05675699998,"v8":141080.492255,"v8_exp":145107.286143}}