{"generatedAt":1755202478881,"beganAt":1755201623224,"timeTaken":{"boa":123124.340819,"jsc":32055.317012000014,"jsc_exp":31998.396626,"kiesel":70243.84623200001,"libjs":47596.890733,"porffor":517091.651115,"qjs":14018.66601,"qjs_ng":15569.602367,"sm":133792.189066,"sm_exp":121565.627108,"v8":116699.260502,"v8_exp":118551.208141}}