{"generatedAt":1771900347884,"beganAt":1771899444956,"timeTaken":{"boa":70251.673359,"jsc":41116.55325,"jsc_exp":41820.942520000004,"kiesel":90553.577637,"nova":45367.675518000004,"porffor":582911.8073250001,"qjs":18161.037669000005,"qjs_ng":19677.649809999995,"sm":108354.508577,"sm_exp":110741.372167,"v8":110682.397946,"v8_exp":117067.761709}}