{"generatedAt":1757891694005,"beganAt":1757890801719,"timeTaken":{"boa":128477.46706300002,"jsc":31698.00052900001,"jsc_exp":41384.879982,"kiesel":86802.06406799999,"libjs":57582.91222699999,"nova":13519.742793,"porffor":581561.994022,"qjs":17453.43365800001,"qjs_ng":24876.255560999998,"sm":137860.12231399998,"sm_exp":110208.151586,"v8":103264.25853800001,"v8_exp":103380.187166}}