{"generatedAt":1757459687492,"beganAt":1757458801690,"timeTaken":{"boa":126859.411403,"jsc":30970.092054000008,"jsc_exp":40760.68602,"kiesel":85845.63521000001,"libjs":56309.879822,"porffor":575925.038824,"qjs":17144.794078000006,"qjs_ng":24895.860491000007,"sm":137490.30170100002,"sm_exp":109442.258562,"v8":103618.75194,"v8_exp":102391.689489}}