{"generatedAt":1759015656938,"beganAt":1759014001698,"timeTaken":{"boa":235665.260614,"jsc":154947.52268599998,"jsc_exp":161958.274786,"kiesel":90954.76213300001,"libjs":121590.18483299999,"porffor":828964.446894,"qjs":115259.998774,"qjs_ng":124661.127985,"sm":382498.42374399997,"sm_exp":383324.126643,"v8":624001.9728999999,"v8_exp":702109.5736380001}}