{"generatedAt":1769645885915,"beganAt":1769644801586,"timeTaken":{"boa":62789.994167,"jsc":35028.88530199998,"jsc_exp":36424.608913000004,"kiesel":76481.201997,"libjs":51293.767230000005,"nova":33408.417145,"porffor":569089.395554,"qjs":18042.582152000003,"qjs_ng":21443.964416000003,"sm":134812.85204599999,"sm_exp":132267.153064,"v8":137983.34344,"v8_exp":139093.70277}}