{"generatedAt":1778109753012,"beganAt":1778108401304,"timeTaken":{"boa":60287.298558999995,"jsc":35163.52951500006,"jsc_exp":36395.900238,"kiesel":89336.015638,"nova":33280.576029,"porffor":1011102.988785,"qjs":17402.905281,"qjs_ng":18854.131290999998,"sm":107645.761838,"sm_exp":105905.42567699999,"v8":112359.34069099999,"v8_exp":115098.291334}}