{"generatedAt":1772072291669,"beganAt":1772070963725,"timeTaken":{"boa":71642.89530599999,"jsc":40988.342533999996,"jsc_exp":41657.094503,"kiesel":104608.642289,"libjs":62192.996969,"nova":42153.942012,"porffor":1006938.612037,"qjs":17664.148457999996,"qjs_ng":19474.719405000003,"sm":108693.00108799999,"sm_exp":110311.276448,"v8":111794.61425900001,"v8_exp":117437.532095}}