{"generatedAt":1763424914495,"beganAt":1763424001221,"timeTaken":{"boa":125255.20223999998,"jsc":35852.08596399997,"jsc_exp":37787.558887,"kiesel":83907.60470699999,"libjs":59500.06099,"nova":60209.473867999994,"porffor":557189.748882,"qjs":20684.29837199999,"qjs_ng":24383.122027000005,"sm":140392.929119,"sm_exp":125724.01078600001,"v8":124972.203264,"v8_exp":119436.38695}}