{"generatedAt":1759966099925,"beganAt":1759964401662,"timeTaken":{"boa":238858.824273,"jsc":156017.63593500003,"jsc_exp":151027.002267,"kiesel":99429.615716,"libjs":150335.655497,"nova":82557.37890699999,"porffor":841429.483195,"qjs":97684.527172,"qjs_ng":123591.73273700001,"sm":378980.498971,"sm_exp":394413.35554,"v8":644889.069109,"v8_exp":715886.8914269999}}