{"generatedAt":1761610565289,"beganAt":1761609601182,"timeTaken":{"boa":129637.45506299999,"jsc":31941.423849999963,"jsc_exp":38954.004676,"kiesel":100916.45861999999,"libjs":62723.201990999994,"nova":80339.29648700001,"porffor":604904.0178070001,"qjs":19846.375297000006,"qjs_ng":23453.457741000006,"sm":138925.99376,"sm_exp":127619.12030799998,"v8":121731.412761,"v8_exp":123717.19850500001}}