{"generatedAt":1765547021487,"beganAt":1765546051887,"timeTaken":{"boa":130572.45604100001,"jsc":33231.98272900004,"jsc_exp":35797.75372,"kiesel":96012.77675599999,"libjs":63595.618637,"nova":56722.773569000004,"porffor":577691.985196,"qjs":18786.215895,"qjs_ng":22584.080155999996,"sm":144668.767595,"sm_exp":146368.83959000002,"v8":142239.490056,"v8_exp":157050.135666}}