{"generatedAt":1763165719601,"beganAt":1763164801636,"timeTaken":{"jsc":40775.811748999986,"jsc_exp":41449.661427,"kiesel":87405.818986,"libjs":54472.568573,"nova":55475.956511000004,"porffor":559160.922193,"qjs":18227.245548999992,"qjs_ng":21029.021468,"sm":138836.614711,"sm_exp":130679.50122800001,"v8":126834.91550100001,"v8_exp":123981.440432}}