{"generatedAt":1759620489461,"beganAt":1759618801509,"timeTaken":{"boa":239322.650701,"jsc":155132.30529,"jsc_exp":169634.977587,"kiesel":98612.752427,"libjs":170378.209084,"nova":82361.950516,"porffor":858528.514897,"qjs":97107.82145900001,"qjs_ng":121804.038947,"sm":384463.887462,"sm_exp":365727.049522,"v8":646282.347816,"v8_exp":718412.225558}}