{"generatedAt":1759361299339,"beganAt":1759359601812,"timeTaken":{"boa":239875.159896,"jsc":157603.93608199997,"jsc_exp":154384.040969,"kiesel":103758.89552199999,"libjs":163702.993782,"nova":88328.01677799999,"porffor":859598.329477,"qjs":99470.497645,"qjs_ng":125283.13466500002,"sm":375489.321353,"sm_exp":381259.76064600004,"v8":643326.932852,"v8_exp":715798.775361}}