{"generatedAt":1759102070050,"beganAt":1759100401555,"timeTaken":{"boa":236538.369548,"jsc":155134.11513500003,"jsc_exp":142725.451993,"kiesel":98692.005454,"libjs":119560.50226200001,"nova":83229.499401,"porffor":834569.0431690001,"qjs":102337.30584999999,"qjs_ng":121841.18038500001,"sm":378864.60174099996,"sm_exp":385767.45863199997,"v8":626682.93677,"v8_exp":696641.5799959999}}