{"generatedAt":1758929315581,"beganAt":1758927601520,"timeTaken":{"boa":203474.594198,"jsc":133853.411126,"jsc_exp":140535.856233,"kiesel":94209.82329999999,"libjs":61914.821412,"nova":77037.401809,"porffor":667180.196953,"qjs":90285.38097800002,"qjs_ng":96608.94174899999,"sm":342711.814505,"sm_exp":356066.390007,"v8":615289.760131,"v8_exp":571317.6473790001}}