{"generatedAt":1762059688918,"beganAt":1762058740965,"timeTaken":{"boa":121725.86361799999,"jsc":39605.93773599999,"jsc_exp":39721.701921,"kiesel":91063.144046,"libjs":66683.218868,"nova":61026.285457000005,"porffor":589330.6313540001,"qjs":18209.784568000003,"qjs_ng":20950.473066,"sm":137924.35726199998,"sm_exp":129441.304943,"v8":122053.047586,"v8_exp":133684.047961}}