{"generatedAt":1761088557218,"beganAt":1761087601902,"timeTaken":{"boa":128882.5806,"jsc":37267.40942400001,"jsc_exp":41139.195527,"kiesel":102727.21823299999,"libjs":61044.601398,"nova":83482.30077900001,"porffor":611860.257006,"qjs":16906.820275000005,"qjs_ng":20629.399698,"sm":138931.465926,"sm_exp":121300.443181,"v8":115389.381447,"v8_exp":120782.025736}}