{"generatedAt":1767744959257,"beganAt":1767744001837,"timeTaken":{"boa":132777.316899,"jsc":32583.75143599999,"jsc_exp":38235.207127,"kiesel":84106.934786,"libjs":54149.447305,"nova":34246.973939,"porffor":573699.16968,"qjs":19026.175978999992,"qjs_ng":22108.138682000004,"sm":143300.81895100002,"sm_exp":141720.557516,"v8":140908.35624,"v8_exp":140072.104635}}