{"generatedAt":1763684137130,"beganAt":1763683201232,"timeTaken":{"boa":125747.85433300001,"jsc":32013.389069000026,"jsc_exp":39202.624664,"kiesel":86820.432604,"libjs":59440.741638,"nova":60672.881932000004,"porffor":561295.956854,"qjs":21458.092764,"qjs_ng":24490.894897,"sm":141467.80763700002,"sm_exp":133925.362523,"v8":131342.70973899998,"v8_exp":127965.093374}}