{"generatedAt":1775261883457,"beganAt":1775260509871,"timeTaken":{"boa":70820.42837899999,"jsc":39196.68216800003,"jsc_exp":42017.299251000004,"kiesel":174855.778071,"libjs":70155.43035,"nova":48522.747835,"porffor":1050337.2658930002,"qjs":18141.043123000003,"qjs_ng":19071.321479,"sm":108851.40109900001,"sm_exp":110058.420864,"v8":111383.56605600001,"v8_exp":117126.769185}}