{"generatedAt":1764634564113,"beganAt":1764633601398,"timeTaken":{"boa":134377.53682900002,"jsc":32473.607052000007,"jsc_exp":38281.128954,"kiesel":84342.739569,"libjs":57663.113237,"nova":52048.316165000004,"porffor":574005.350494,"qjs":20683.400974999997,"qjs_ng":24160.929598000002,"sm":144798.08425699998,"sm_exp":140833.227284,"v8":138445.33622700002,"v8_exp":136972.960556}}