{"generatedAt":1767658561879,"beganAt":1767657601216,"timeTaken":{"boa":132767.459078,"jsc":32715.12801299995,"jsc_exp":39111.044872000006,"kiesel":84116.640041,"libjs":54127.550076,"nova":34166.847155999996,"porffor":574004.049337,"qjs":20762.756916,"qjs_ng":21594.893821000005,"sm":143595.972778,"sm_exp":142777.99748700002,"v8":141164.876714,"v8_exp":148802.96525399998}}