{"generatedAt":1757209519198,"beganAt":1757208625159,"timeTaken":{"boa":119417.523966,"jsc":30773.762637000007,"jsc_exp":38530.135643999994,"kiesel":89651.189821,"libjs":59212.818969,"porffor":566491.7866949999,"qjs":17482.077226999994,"qjs_ng":25587.569655000007,"sm":137828.24020099998,"sm_exp":113620.22838700001,"v8":105681.72134100001,"v8_exp":115862.691016}}