{"generatedAt":1759188505210,"beganAt":1759186801635,"timeTaken":{"boa":170619.30317600002,"jsc":132012.61077499995,"jsc_exp":147326.186059,"kiesel":98191.754573,"libjs":60494.379637000005,"nova":81376.656005,"porffor":649286.3123550001,"qjs":92037.01460300002,"qjs_ng":97795.260935,"sm":349655.533652,"sm_exp":357902.898566,"v8":613880.433093,"v8_exp":536900.200249}}