{"generatedAt":1772497367345,"beganAt":1772496002111,"timeTaken":{"boa":69600.963098,"jsc":39431.71762499999,"jsc_exp":40144.889632000006,"kiesel":164460.041638,"libjs":65503.097194,"nova":45320.669939,"porffor":1035935.847853,"qjs":17575.321956,"qjs_ng":19092.693264999994,"sm":108817.812607,"sm_exp":110826.50261699999,"v8":110535.672045,"v8_exp":120662.54914199999}}