{"generatedAt":1763856936331,"beganAt":1763856001611,"timeTaken":{"boa":126879.62396900001,"jsc":31839.543345000013,"jsc_exp":39396.579484,"kiesel":84095.69612000001,"libjs":59942.885425,"nova":59481.777309000005,"porffor":558903.458051,"qjs":22316.130904999998,"qjs_ng":25944.533662,"sm":141344.518599,"sm_exp":134340.584772,"v8":129671.683999,"v8_exp":125353.64435799999}}