{"generatedAt":1763511329593,"beganAt":1763510401493,"timeTaken":{"boa":126524.41771299999,"jsc":37515.11356700002,"jsc_exp":38355.89339700001,"kiesel":84469.825011,"libjs":59973.226883999996,"nova":60319.95519899999,"porffor":561823.712241,"qjs":22492.28167699999,"qjs_ng":25507.85906999999,"sm":139911.682643,"sm_exp":131022.321416,"v8":128662.31555500001,"v8_exp":124640.15796899999}}