{"generatedAt":1760570893404,"beganAt":1760569201926,"timeTaken":{"boa":209255.578686,"jsc":142490.736638,"jsc_exp":135409.068591,"kiesel":100033.82877200001,"libjs":58763.739631000004,"nova":83230.824935,"porffor":766790.215905,"qjs":89257.392846,"qjs_ng":127814.58077199999,"sm":361211.911668,"sm_exp":375961.870189,"v8":614962.070162,"v8_exp":648437.613075}}