{"generatedAt":1762474531737,"beganAt":1762473601220,"timeTaken":{"boa":119684.58125,"jsc":31587.74021400005,"jsc_exp":39228.452001,"kiesel":82439.874195,"libjs":58595.804879,"nova":61327.621179,"porffor":563312.4264469999,"qjs":20929.157603,"qjs_ng":22824.810453,"sm":139399.940252,"sm_exp":129500.35227300001,"v8":126584.55378700001,"v8_exp":122856.236387}}