{"generatedAt":1772410947993,"beganAt":1772409601907,"timeTaken":{"boa":60231.269694,"jsc":49207.889471,"jsc_exp":52933.658689,"kiesel":177913.50076300002,"libjs":50589.760863999996,"nova":51961.131589,"porffor":1030232.1664400001,"qjs":17618.220309000004,"qjs_ng":18299.248096000003,"sm":108859.515044,"sm_exp":111083.25517599999,"v8":108743.564774,"v8_exp":111577.55893700001}}