{"generatedAt":1762906525052,"beganAt":1762905601073,"timeTaken":{"boa":126326.47269299999,"jsc":37027.177428000025,"jsc_exp":39663.575464,"kiesel":83260.182314,"libjs":58507.114465,"nova":61325.071038,"porffor":567027.271272,"qjs":19057.852077000003,"qjs_ng":22442.623917999998,"sm":139674.401413,"sm_exp":131024.81778199998,"v8":126049.059091,"v8_exp":123579.25952200001}}