{"generatedAt":1757978089075,"beganAt":1757977201955,"timeTaken":{"boa":129845.44757700001,"jsc":31666.366011000006,"jsc_exp":40436.379846,"kiesel":85017.913582,"libjs":57298.682309,"nova":14772.706607,"porffor":575914.218947,"qjs":17191.313141000006,"qjs_ng":25136.38208399999,"sm":138013.142313,"sm_exp":109348.145128,"v8":103579.484439,"v8_exp":102199.645623}}