{"generatedAt":1767140160842,"beganAt":1767139201282,"timeTaken":{"boa":129325.44214099999,"jsc":33621.706389,"jsc_exp":39771.160866,"kiesel":87769.751968,"libjs":55515.75735700001,"nova":52788.383567,"porffor":576851.3146149999,"qjs":20099.299220999994,"qjs_ng":21279.516679,"sm":144209.652407,"sm_exp":142820.415668,"v8":141660.671705,"v8_exp":140595.331549}}