{"generatedAt":1762992920920,"beganAt":1762992001472,"timeTaken":{"boa":124581.95375799999,"jsc":35604.05885999999,"jsc_exp":37829.563012,"kiesel":82266.29927500001,"libjs":59071.005697,"nova":59320.97046299999,"porffor":560880.508717,"qjs":20608.288813000006,"qjs_ng":24115.548744,"sm":139961.570788,"sm_exp":126359.958955,"v8":124044.392068,"v8_exp":122716.86335}}