{"generatedAt":1758755724588,"beganAt":1758754801162,"timeTaken":{"boa":130133.81388900001,"jsc":33047.929009000014,"jsc_exp":40640.532077,"kiesel":99267.099007,"libjs":59325.330047,"nova":78853.52235,"porffor":599753.6352520001,"qjs":18365.587056999997,"qjs_ng":24760.638442999996,"sm":139421.764357,"sm_exp":115756.733445,"v8":111403.20266200001,"v8_exp":105641.196103}}