{"generatedAt":1761524165046,"beganAt":1761523201801,"timeTaken":{"boa":130114.222144,"jsc":36649.41818400001,"jsc_exp":42201.586652,"kiesel":99235.63927300001,"libjs":60000.03086100001,"nova":82114.587566,"porffor":608087.17649,"qjs":18551.678626,"qjs_ng":21941.137473000003,"sm":137213.39364000002,"sm_exp":127031.15345200001,"v8":121665.233129,"v8_exp":123681.148956}}