{"generatedAt":1767572162371,"beganAt":1767571201381,"timeTaken":{"boa":132224.723592,"jsc":33111.64409400005,"jsc_exp":38735.23505,"kiesel":86158.28474999999,"libjs":55346.588995,"nova":34954.02373,"porffor":575259.651519,"qjs":19727.929806999993,"qjs_ng":22029.261166000004,"sm":144628.41171400002,"sm_exp":143339.646903,"v8":142476.843706,"v8_exp":140673.64227500002}}