{"generatedAt":1759879694767,"beganAt":1759878002096,"timeTaken":{"boa":237880.11934099998,"jsc":152794.736517,"jsc_exp":162112.850252,"kiesel":99955.478929,"libjs":152355.028597,"nova":85657.528784,"porffor":854113.017007,"qjs":104370.597228,"qjs_ng":127539.301262,"sm":384379.566318,"sm_exp":385972.643916,"v8":645925.476062,"v8_exp":718120.054633}}