{"generatedAt":1763770543703,"beganAt":1763769601642,"timeTaken":{"boa":126067.70456900001,"jsc":31729.513097000017,"jsc_exp":38533.435539,"kiesel":87363.484522,"libjs":59433.218271,"nova":60242.296263000004,"porffor":559813.735602,"qjs":21053.081993,"qjs_ng":24051.933761,"sm":140798.90691800002,"sm_exp":136899.959972,"v8":129251.742365,"v8_exp":127259.190835}}