{"generatedAt":1769559365372,"beganAt":1769558401809,"timeTaken":{"boa":66202.479786,"jsc":32790.081255999976,"jsc_exp":40551.756294000006,"kiesel":83798.41605500001,"libjs":56138.274966000004,"nova":40732.244357999996,"porffor":572247.8150490001,"qjs":20651.961185000007,"qjs_ng":22089.595888999997,"sm":141748.601757,"sm_exp":143378.710612,"v8":140372.151142,"v8_exp":150870.288543}}