{"generatedAt":1767226562455,"beganAt":1767225601135,"timeTaken":{"boa":131069.04163100001,"jsc":33482.425888,"jsc_exp":39435.73895,"kiesel":85212.84196,"libjs":55760.668743,"nova":50148.865476000006,"porffor":577198.134727,"qjs":21214.208735000007,"qjs_ng":21494.15674,"sm":143371.64407500002,"sm_exp":145640.48265,"v8":144930.83160499998,"v8_exp":144004.639536}}