{"generatedAt":1760830064660,"beganAt":1760828401222,"timeTaken":{"boa":125331.051316,"jsc":150982.5372400001,"jsc_exp":42202.417065,"kiesel":94998.486443,"libjs":58945.136866999994,"nova":80668.641619,"porffor":648887.7235180001,"qjs":75039.989012,"qjs_ng":91212.04061299999,"sm":340527.320831,"sm_exp":347108.851674,"v8":617510.355526,"v8_exp":469487.56122}}