{"generatedAt":1762647318479,"beganAt":1762646401406,"timeTaken":{"boa":123904.67387000001,"jsc":32516.28409099998,"jsc_exp":38451.142614000004,"kiesel":84523.66092000001,"libjs":58903.627746000006,"nova":58697.414633,"porffor":555392.723708,"qjs":19781.137807999992,"qjs_ng":23586.882888999993,"sm":138788.495987,"sm_exp":131354.13380299998,"v8":126440.40552300001,"v8_exp":122832.42671599999}}