{"generatedAt":1766103365627,"beganAt":1766102401486,"timeTaken":{"boa":128982.41588899998,"jsc":35679.10372499999,"jsc_exp":39536.968003999995,"kiesel":87550.30185399999,"libjs":59992.038358,"nova":59777.16319,"porffor":580257.10503,"qjs":18762.29649200001,"qjs_ng":22300.244870000002,"sm":142814.077514,"sm_exp":142459.66245399998,"v8":139998.624863,"v8_exp":148230.964423}}