{"generatedAt":1761002277596,"beganAt":1761001201607,"timeTaken":{"boa":118064.226528,"jsc":35884.508765000035,"jsc_exp":37296.741527,"kiesel":76662.80249399999,"libjs":52729.368334,"nova":66059.517416,"porffor":587468.4256549999,"qjs":16614.642170000006,"qjs_ng":19256.708827000002,"sm":138754.924225,"sm_exp":123571.373964,"v8":116716.04702,"v8_exp":121256.597967}}