{"generatedAt":1756417040261,"beganAt":1756416243088,"timeTaken":{"boa":91582.92753,"kiesel":75606.546839,"libjs":46522.548792,"porffor":463814.332889,"qjs":14353.39620699999,"qjs_ng":16198.459296,"sm":134471.804768,"sm_exp":120744.595633,"v8":116178.242046,"v8_exp":121364.550655}}