{"generatedAt":1769472964633,"beganAt":1769472001789,"timeTaken":{"boa":68528.06458499999,"jsc":32469.481295000005,"jsc_exp":36508.543702999996,"kiesel":82968.206348,"libjs":56417.736726999996,"nova":40716.703444,"porffor":569885.3615369999,"qjs":18120.186541000003,"qjs_ng":21964.655061999998,"sm":141714.868055,"sm_exp":140572.903571,"v8":139495.33694399998,"v8_exp":147516.56716}}