{"generatedAt":1757556750141,"beganAt":1757555853035,"timeTaken":{"boa":129125.53794600001,"jsc":31109.50052900001,"jsc_exp":40281.268484,"kiesel":93036.290059,"libjs":59581.912299999996,"nova":22725.850822,"porffor":569537.806298,"qjs":18250.287054999993,"qjs_ng":24947.133577000008,"sm":137922.165779,"sm_exp":113154.318327,"v8":105635.666331,"v8_exp":117791.16041}}