{"generatedAt":1764116154321,"beganAt":1764115201705,"timeTaken":{"boa":127384.743577,"jsc":32275.449481000018,"jsc_exp":35915.310134,"kiesel":88857.06099499999,"libjs":56887.844952,"nova":57477.808056,"porffor":569238.138883,"qjs":26773.187884,"qjs_ng":20642.157827000003,"sm":142523.89497599998,"sm_exp":142109.093241,"v8":139950.515221,"v8_exp":141640.34493899997}}