{"generatedAt":1754521542057,"beganAt":1754520691512,"timeTaken":{"boa":121621.332872,"jsc":30477.43203300005,"jsc_exp":35462.98881,"kiesel":71512.105997,"libjs":49855.631747,"porffor":515167.96935900004,"qjs":14452.548679999993,"qjs_ng":16032.028963999997,"sm":132895.055332,"sm_exp":121620.53373899999,"v8":115733.259024,"v8_exp":122654.869761}}