{"generatedAt":1760398067990,"beganAt":1760396401921,"timeTaken":{"boa":237552.668497,"jsc":154065.128425,"jsc_exp":157466.623567,"kiesel":97646.817642,"libjs":128317.98157100001,"nova":80994.064765,"porffor":835003.595262,"qjs":105341.032855,"qjs_ng":125713.33343600002,"sm":378467.463316,"sm_exp":387962.859685,"v8":629760.8189129999,"v8_exp":696882.8566770001}}