{"generatedAt":1772583822697,"beganAt":1772582401187,"timeTaken":{"boa":61282.857688,"jsc":35933.09358499991,"jsc_exp":37292.30439999999,"libjs":48739.570743000004,"nova":33490.801583,"porffor":988244.7038930001,"qjs":17925.934317,"qjs_ng":19576.226556,"sm":105822.365875,"sm_exp":104748.065058,"v8":110618.92435500001,"v8_exp":114508.750531}}