{"generatedAt":1769386557762,"beganAt":1769385601244,"timeTaken":{"boa":65263.81528200001,"jsc":32286.71063799999,"jsc_exp":37204.889708999995,"kiesel":82509.120824,"libjs":56396.649716,"nova":40269.164284,"porffor":568666.900376,"qjs":19809.902014000007,"qjs_ng":23295.217804000007,"sm":141567.534049,"sm_exp":140322.319506,"v8":139230.996096,"v8_exp":147437.353122}}