{"generatedAt":1775172168627,"beganAt":1775170801700,"timeTaken":{"boa":67386.054392,"jsc":41097.24202599999,"jsc_exp":41461.211916,"kiesel":157411.609001,"libjs":45948.907513,"nova":45673.470666,"porffor":1044061.579726,"qjs":17768.004762000004,"qjs_ng":19008.286438999996,"sm":108150.812676,"sm_exp":111157.355911,"v8":108790.57244999999,"v8_exp":121208.136011}}