{"generatedAt":1766535363131,"beganAt":1766534401623,"timeTaken":{"boa":133197.412427,"jsc":32455.319941000023,"jsc_exp":38684.722687,"kiesel":83585.717135,"libjs":55663.751456,"nova":52181.244976,"porffor":573496.5190369999,"qjs":20236.459595000008,"qjs_ng":23179.891670999998,"sm":142205.04363899998,"sm_exp":142445.996438,"v8":138478.773,"v8_exp":142105.721159}}