{"generatedAt":1767485765022,"beganAt":1767484801957,"timeTaken":{"boa":130866.478455,"jsc":32453.71412400005,"jsc_exp":36203.562724,"kiesel":85108.692811,"libjs":55628.531221,"nova":34945.413942,"porffor":571014.36675,"qjs":18220.593834999992,"qjs_ng":21605.474103,"sm":143952.36192599998,"sm_exp":141672.54985799998,"v8":140546.737092,"v8_exp":147886.258925}}