{"generatedAt":1763598012690,"beganAt":1763596801679,"timeTaken":{"boa":114806.05593899998,"jsc":31660.301686999854,"jsc_exp":32605.751213000003,"kiesel":77704.608387,"libjs":55181.165101,"nova":56262.22393400001,"porffor":552135.35717,"qjs":17997.852673,"qjs_ng":20730.486189000003,"sm":138745.048585,"sm_exp":138309.48929199998,"v8":129983.49344999998,"v8_exp":130559.911229}}