{"generatedAt":1762820122229,"beganAt":1762819201133,"timeTaken":{"boa":124689.13621099999,"jsc":36786.6188,"jsc_exp":39011.219503,"kiesel":82403.99101700001,"libjs":59080.921412,"nova":60230.71229799999,"porffor":562592.785147,"qjs":20408.323334,"qjs_ng":25140.006586000003,"sm":139110.197147,"sm_exp":132333.41646,"v8":126241.84346599999,"v8_exp":123166.375654}}