{"generatedAt":1759447700582,"beganAt":1759446001979,"timeTaken":{"boa":240172.69000200002,"jsc":158421.318637,"jsc_exp":156791.915625,"kiesel":105618.37055,"libjs":150441.732431,"nova":90663.05000399999,"porffor":856067.180433,"qjs":107357.66790200002,"qjs_ng":125092.82025199999,"sm":380840.838849,"sm_exp":389716.460029,"v8":644451.433952,"v8_exp":714686.144798}}