{"generatedAt":1762733733529,"beganAt":1762732802126,"timeTaken":{"boa":121193.721198,"jsc":37287.45337900001,"jsc_exp":38796.034409,"kiesel":83351.446415,"libjs":60613.198145999995,"nova":59132.699907999995,"porffor":561725.066464,"qjs":22756.886983000004,"qjs_ng":25124.209350999998,"sm":138459.419777,"sm_exp":131555.445917,"v8":127073.14852699998,"v8_exp":125503.40893}}