{"generatedAt":1760916467356,"beganAt":1760914801934,"timeTaken":{"boa":128035.27079800001,"jsc":120949.60211900005,"jsc_exp":38024.947149,"kiesel":96297.107934,"libjs":60334.63262900001,"nova":80409.242638,"porffor":647499.729737,"qjs":76537.314231,"qjs_ng":90774.85136,"sm":328240.312491,"sm_exp":346418.829721,"v8":617184.4390509999,"v8_exp":452031.878052}}