{"generatedAt":1758842123080,"beganAt":1758841201791,"timeTaken":{"boa":129702.043263,"jsc":34226.27474900003,"jsc_exp":40403.309538999994,"kiesel":95606.405122,"libjs":58951.497598999995,"nova":78019.366531,"porffor":595964.276272,"qjs":18195.708136999994,"qjs_ng":24661.567430000003,"sm":138691.198847,"sm_exp":115471.513704,"v8":108604.615169,"v8_exp":107654.863789}}