{"generatedAt":1758669320975,"beganAt":1758668401559,"timeTaken":{"boa":127701.986556,"jsc":36517.37953400001,"jsc_exp":38629.735698,"kiesel":95904.58680399999,"libjs":59254.910032,"nova":81846.506807,"porffor":602695.9774640001,"qjs":16894.410681999994,"qjs_ng":25419.223532999997,"sm":139588.670029,"sm_exp":112523.62588800001,"v8":105782.429753,"v8_exp":104731.58980999999}}