{"generatedAt":1756773051616,"beganAt":1756772240107,"timeTaken":{"boa":113388.77919199999,"jsc":29497.65833799995,"jsc_exp":31594.031974,"libjs":44961.486333,"porffor":480844.98371400003,"qjs":13106.669848999998,"qjs_ng":15504.800059000001,"sm":134538.388404,"sm_exp":121053.402879,"v8":115350.633806,"v8_exp":118848.198827}}