{"generatedAt":1778541752425,"beganAt":1778540401532,"timeTaken":{"boa":72192.86547599999,"jsc":41028.694568000035,"jsc_exp":42003.436462,"libjs":73388.966939,"nova":52270.72529599999,"porffor":1032388.559595,"qjs":17479.57178,"qjs_ng":18416.412064000004,"sm":108695.657764,"sm_exp":110099.227945,"v8":107672.783947,"v8_exp":111353.756725}}